{"0.735714257":28460,"0.908634245":28452,"0.9817909":28448,"0.9878799":28416,"1.07805753":28444,"1.17001987":28418}