{"0.735714257":28448,"0.8405388":-7756,"0.908634245":28440,"0.9878799":28410,"1.17001987":28412}