{"0":-4120,"0.6341452":28432,"1.11248863":28406,"1.68049109":28440}