{"0.735714257":-27930,"0.9878799":-27824}