{"0.6880225":28454,"0.705830634":28458}