{"0.735714257":-27930,"0.908634245":-42414,"0.9878799":-27824,"1.17001987":-42526}