{"0.247341":28460,"0.4484399":28452,"0.4615849":28448,"0.485078454":28444,"0.521659851":28416,"0.5653222":28418}