{"0.488996983":-27930,"0.514686644":-27824}