{"0.479201317":-42526,"0.488996983":-27930,"0.49996525":-42414,"0.514686644":-27824}