{"0.339542538":28454,"0.354984045":28458}