{"0.449994862":28448,"0.479201317":28418,"0.488996983":28460,"0.49996525":28452,"0.514686644":28416,"0.5574581":28444}