{"0.431389749":-7756,"0.479201317":28412,"0.488996983":28448,"0.49996525":28440,"0.514686644":28410}