{"0.247341":28448,"0.375365853":-7756,"0.4484399":28440,"0.521659851":28410,"0.5653222":28412}