{"0.5202828":28454,"0.5310242":28458}