{"0":-4120,"0.33852905":28432,"0.586291254":28406,"0.895498931":28440}