{"0":-4120,"0.4884678":28432,"0.537171066":28440,"0.6117212":28406}