{"0.247341":-27930,"0.521659851":-27824}