{"0.247341":-27930,"0.4484399":-42414,"0.521659851":-27824,"0.5653222":-42526}